VM Type tested,Iteration Num,Number of threads in parallel,Current Thread Loaded, Time(s)
HV,1,1,1,378
HV,1,2,1,323
HV,1,2,2,326
HV,1,3,1,323
HV,1,3,2,325
HV,1,3,3,325
HV,1,4,1,326
HV,1,4,2,324
HV,1,4,3,325
HV,1,4,4,326
HV,1,5,1,375
HV,1,5,2,368
HV,1,5,3,390
HV,1,5,4,379
HV,1,5,5,392
HV,1,6,1,420
HV,1,6,2,451
HV,1,6,3,440
HV,1,6,4,430
HV,1,6,5,431
HV,1,6,6,426
HV,1,7,1,485
HV,1,7,2,481
HV,1,7,3,477
HV,1,7,4,482
HV,1,7,5,485
HV,1,7,6,484
HV,1,7,7,482
HV,1,8,1,526
HV,1,8,2,530
HV,1,8,3,527
HV,1,8,4,529
HV,1,8,5,530
HV,1,8,6,531
HV,1,8,7,531
HV,1,8,8,531
HV,2,1,1,322
HV,2,2,1,322
HV,2,2,2,324
HV,2,3,1,323
HV,2,3,2,334
HV,2,3,3,334
HV,2,4,1,325
HV,2,4,2,323
HV,2,4,3,325
HV,2,4,4,324
HV,2,5,1,396
HV,2,5,2,385
HV,2,5,3,374
HV,2,5,4,376
HV,2,5,5,379
HV,2,6,1,428
HV,2,6,2,439
HV,2,6,3,427
HV,2,6,4,427
HV,2,6,5,443
HV,2,6,6,436
HV,2,7,1,482
HV,2,7,2,481
HV,2,7,3,481
HV,2,7,4,484
HV,2,7,5,480
HV,2,7,6,485
HV,2,7,7,485
HV,2,8,1,530
HV,2,8,2,522
HV,2,8,3,525
HV,2,8,4,530
HV,2,8,5,531
HV,2,8,6,530
HV,2,8,7,529
HV,2,8,8,530
HV,3,1,1,322
HV,3,2,1,323
HV,3,2,2,325
HV,3,3,1,325
HV,3,3,2,325
HV,3,3,3,325
HV,3,4,1,328
HV,3,4,2,324
HV,3,4,3,325
HV,3,4,4,331
HV,3,5,1,373
HV,3,5,2,366
HV,3,5,3,383
HV,3,5,4,401
HV,3,5,5,379
HV,3,6,1,423
HV,3,6,2,438
HV,3,6,3,441
HV,3,6,4,437
HV,3,6,5,443
HV,3,6,6,422
HV,3,7,1,476
HV,3,7,2,483
HV,3,7,3,480
HV,3,7,4,486
HV,3,7,5,479
HV,3,7,6,477
HV,3,7,7,490
HV,3,8,1,526
HV,3,8,2,529
HV,3,8,3,530
HV,3,8,4,529
HV,3,8,5,531
HV,3,8,6,526
HV,3,8,7,530
HV,3,8,8,530
HV,4,1,1,322
HV,4,2,1,323
HV,4,2,2,325
HV,4,3,1,326
HV,4,3,2,324
HV,4,3,3,325
HV,4,4,1,323
HV,4,4,2,325
HV,4,4,3,326
HV,4,4,4,325
HV,4,5,1,378
HV,4,5,2,382
HV,4,5,3,371
HV,4,5,4,378
HV,4,5,5,403
HV,4,6,1,419
HV,4,6,2,441
HV,4,6,3,431
HV,4,6,4,423
HV,4,6,5,449
HV,4,6,6,427
HV,4,7,1,482
HV,4,7,2,475
HV,4,7,3,480
HV,4,7,4,481
HV,4,7,5,489
HV,4,7,6,483
HV,4,7,7,486
HV,4,8,1,525
HV,4,8,2,527
HV,4,8,3,530
HV,4,8,4,529
HV,4,8,5,531
HV,4,8,6,530
HV,4,8,7,532
HV,4,8,8,531
HV,5,1,1,322
HV,5,2,1,322
HV,5,2,2,324
HV,5,3,1,324
HV,5,3,2,326
HV,5,3,3,324
HV,5,4,1,326
HV,5,4,2,326
HV,5,4,3,325
HV,5,4,4,324
HV,5,5,1,385
HV,5,5,2,388
HV,5,5,3,371
HV,5,5,4,368
HV,5,5,5,391
HV,5,6,1,440
HV,5,6,2,442
HV,5,6,3,436
HV,5,6,4,401
HV,5,6,5,428
HV,5,6,6,434
HV,5,7,1,481
HV,5,7,2,484
HV,5,7,3,484
HV,5,7,4,482
HV,5,7,5,483
HV,5,7,6,482
HV,5,7,7,486
HV,5,8,1,528
HV,5,8,2,527
HV,5,8,3,528
HV,5,8,4,529
HV,5,8,5,528
HV,5,8,6,528
HV,5,8,7,523
HV,5,8,8,528
HV,6,1,1,322
HV,6,2,1,322
HV,6,2,2,324
HV,6,3,1,323
HV,6,3,2,325
HV,6,3,3,325
HV,6,4,1,323
HV,6,4,2,341
HV,6,4,3,326
HV,6,4,4,343
HV,6,5,1,378
HV,6,5,2,378
HV,6,5,3,394
HV,6,5,4,390
HV,6,5,5,356
HV,6,6,1,423
HV,6,6,2,436
HV,6,6,3,435
HV,6,6,4,442
HV,6,6,5,424
HV,6,6,6,440
HV,6,7,1,482
HV,6,7,2,480
HV,6,7,3,487
HV,6,7,4,481
HV,6,7,5,471
HV,6,7,6,482
HV,6,7,7,485
HV,6,8,1,523
HV,6,8,2,527
HV,6,8,3,530
HV,6,8,4,529
HV,6,8,5,525
HV,6,8,6,529
HV,6,8,7,528
HV,6,8,8,528
HV,7,1,1,322
HV,7,2,1,322
HV,7,2,2,325
HV,7,3,1,323
HV,7,3,2,325
HV,7,3,3,324
HV,7,4,1,327
HV,7,4,2,324
HV,7,4,3,324
HV,7,4,4,328
HV,7,5,1,381
HV,7,5,2,365
HV,7,5,3,381
HV,7,5,4,396
HV,7,5,5,377
HV,7,6,1,433
HV,7,6,2,434
HV,7,6,3,441
HV,7,6,4,438
HV,7,6,5,429
HV,7,6,6,431
HV,7,7,1,479
HV,7,7,2,485
HV,7,7,3,488
HV,7,7,4,479
HV,7,7,5,488
HV,7,7,6,484
HV,7,7,7,473
HV,7,8,1,529
HV,7,8,2,530
HV,7,8,3,529
HV,7,8,4,529
HV,7,8,5,528
HV,7,8,6,529
HV,7,8,7,524
HV,7,8,8,528
HV,8,1,1,321
HV,8,2,1,323
HV,8,2,2,325
HV,8,3,1,323
HV,8,3,2,326
HV,8,3,3,324
HV,8,4,1,331
HV,8,4,2,328
HV,8,4,3,325
HV,8,4,4,334
HV,8,5,1,385
HV,8,5,2,378
HV,8,5,3,373
HV,8,5,4,386
HV,8,5,5,387
HV,8,6,1,436
HV,8,6,2,440
HV,8,6,3,431
HV,8,6,4,431
HV,8,6,5,432
HV,8,6,6,436
HV,8,7,1,477
HV,8,7,2,479
HV,8,7,3,476
HV,8,7,4,482
HV,8,7,5,493
HV,8,7,6,474
HV,8,7,7,485
HV,8,8,1,527
HV,8,8,2,524
HV,8,8,3,529
HV,8,8,4,529
HV,8,8,5,526
HV,8,8,6,529
HV,8,8,7,529
HV,8,8,8,530
HV,9,1,1,322
HV,9,2,1,322
HV,9,2,2,324
HV,9,3,1,322
HV,9,3,2,327
HV,9,3,3,324
HV,9,4,1,323
HV,9,4,2,326
HV,9,4,3,325
HV,9,4,4,325
HV,9,5,1,361
HV,9,5,2,379
HV,9,5,3,397
HV,9,5,4,391
HV,9,5,5,373
HV,9,6,1,421
HV,9,6,2,446
HV,9,6,3,429
HV,9,6,4,426
HV,9,6,5,434
HV,9,6,6,442
HV,9,7,1,470
HV,9,7,2,486
HV,9,7,3,484
HV,9,7,4,483
HV,9,7,5,486
HV,9,7,6,484
HV,9,7,7,478
HV,9,8,1,526
HV,9,8,2,529
HV,9,8,3,528
HV,9,8,4,527
HV,9,8,5,528
HV,9,8,6,529
HV,9,8,7,529
HV,9,8,8,528
HV,10,1,1,322
HV,10,2,1,322
HV,10,2,2,324
HV,10,3,1,323
HV,10,3,2,324
HV,10,3,3,324
HV,10,4,1,323
HV,10,4,2,325
HV,10,4,3,326
HV,10,4,4,325
HV,10,5,1,382
HV,10,5,2,377
HV,10,5,3,398
HV,10,5,4,366
HV,10,5,5,386
HV,10,6,1,444
HV,10,6,2,428
HV,10,6,3,432
HV,10,6,4,427
HV,10,6,5,440
HV,10,6,6,426
HV,10,7,1,482
HV,10,7,2,491
HV,10,7,3,484
HV,10,7,4,484
HV,10,7,5,485
HV,10,7,6,473
HV,10,7,7,472
HV,10,8,1,525
HV,10,8,2,526
HV,10,8,3,529
HV,10,8,4,528
HV,10,8,5,526
HV,10,8,6,529
HV,10,8,7,530
HV,10,8,8,530
